{
  "research_config": {
    "symbols": [
      "BTCUSD",
      "ETHUSD"
    ],
    "base_timeframe": "1D",
    "significance_level": 0.05,
    "min_observations": 252
  },
  "analysis_timestamp": "2025-09-07T16:31:10.889423",
  "timeframe_results": {
    "1H": {
      "n_observations": 80839,
      "correlation": 0.8461402425925616,
      "success_rate": 0.0,
      "cointegrated_spreads": [],
      "spread_statistics": {
        "log": {
          "formula": "log(P_BTC) - log(P_ETH)",
          "is_cointegrated": "False",
          "adf_pvalue": 0.24088936196448002,
          "adf_statistic": -2.1090545032711185,
          "mean_reversion_properties": {
            "half_life_ar1": 506146.59947668953,
            "mean_reversion_speed": 1.3694583875047329e-06,
            "half_life_ou": 7482.838927766033,
            "theta": 9.263157836899761e-05,
            "autocorr_lag1": 0.9999073727118032,
            "mean": 3.1921343835850813,
            "std": 0.5431133029267501,
            "skewness": 0.44973183086221535,
            "kurtosis": -0.5922230526500751
          }
        },
        "ratio": {
          "formula": "P_BTC / P_ETH",
          "is_cointegrated": "False",
          "adf_pvalue": 0.13302319361289672,
          "adf_statistic": -2.431571176311656,
          "mean_reversion_properties": {
            "half_life_ou": 5328.453932191124,
            "theta": 0.00013008410870785455,
            "autocorr_lag1": 0.9998699243518627,
            "mean": 28.474582211393244,
            "std": 17.716962275923553,
            "skewness": 1.8235737113529038,
            "kurtosis": 4.586243121217573
          }
        },
        "cointegration": {
          "formula": "P_BTC - 2093.60 - 19.5907*P_ETH",
          "is_cointegrated": "False",
          "adf_pvalue": 0.567641629411883,
          "adf_statistic": -1.4303519947964232,
          "mean_reversion_properties": {
            "half_life_ar1": 113312.68667562882,
            "mean_reversion_speed": 6.117100219460341e-06,
            "half_life_ou": 8524.880095433058,
            "theta": 8.130873077397036e-05,
            "autocorr_lag1": 0.9999186945746913,
            "mean": -7.373253599795968e-12,
            "std": 15505.11564296114,
            "skewness": 1.7269434258598997,
            "kurtosis": 4.109700190877649
          }
        },
        "log_normalized": {
          "formula": "log(P_BTC) - log(P_ETH)",
          "is_cointegrated": "False",
          "adf_pvalue": 0.24088936196449717,
          "adf_statistic": -2.109054503271076,
          "mean_reversion_properties": {
            "half_life_ar1": 506146.59947668953,
            "mean_reversion_speed": 1.369458387504741e-06,
            "half_life_ou": 7482.8389275866475,
            "theta": 9.263157837121826e-05,
            "autocorr_lag1": 0.999907372711801,
            "mean": 2.3626453490557147e-16,
            "std": 0.9999999999999999,
            "skewness": 0.4497318308622148,
            "kurtosis": -0.5922230526500747
          }
        },
        "cointegration_normalized": {
          "formula": "P_BTC - 2093.60 - 19.5907*P_ETH",
          "is_cointegrated": "False",
          "adf_pvalue": 0.5676416294118894,
          "adf_statistic": -1.4303519947964098,
          "mean_reversion_properties": {
            "half_life_ar1": 113312.68667562882,
            "mean_reversion_speed": 6.1171002194602645e-06,
            "half_life_ou": 8524.880095491264,
            "theta": 8.13087307734152e-05,
            "autocorr_lag1": 0.9999186945746918,
            "mean": 0.0,
            "std": 1.0,
            "skewness": 1.7269434258599003,
            "kurtosis": 4.109700190877649
          }
        }
      }
    },
    "4H": {
      "n_observations": 20232,
      "correlation": 0.8463248303625606,
      "success_rate": 0.0,
      "cointegrated_spreads": [],
      "spread_statistics": {
        "log": {
          "formula": "log(P_BTC) - log(P_ETH)",
          "is_cointegrated": "False",
          "adf_pvalue": 0.19946769878999127,
          "adf_statistic": -2.2188712845766876,
          "mean_reversion_properties": {
            "half_life_ar1": 10122.41678987267,
            "mean_reversion_speed": 6.847410686204257e-05,
            "half_life_ou": 2092.5482309542676,
            "theta": 0.0003312454978606866,
            "autocorr_lag1": 0.9996688093578724,
            "mean": 3.1925927204980575,
            "std": 0.5432707850974102,
            "skewness": 0.44796600686052995,
            "kurtosis": -0.5945040021190149
          }
        },
        "ratio": {
          "formula": "P_BTC / P_ETH",
          "is_cointegrated": "False",
          "adf_pvalue": 0.09904248348319045,
          "adf_statistic": -2.5714509809269903,
          "mean_reversion_properties": {
            "half_life_ou": 1449.5414662043565,
            "theta": 0.0004781837544633754,
            "autocorr_lag1": 0.9995219305571668,
            "mean": 28.48876552700721,
            "std": 17.721589621931535,
            "skewness": 1.8205000084220433,
            "kurtosis": 4.569943630126804
          }
        },
        "cointegration": {
          "formula": "P_BTC - 2084.43 - 19.5969*P_ETH",
          "is_cointegrated": "False",
          "adf_pvalue": 0.456644126087003,
          "adf_statistic": -1.6507599353121196,
          "mean_reversion_properties": {
            "half_life_ou": 2322.5847864200405,
            "theta": 0.00029843783728056734,
            "autocorr_lag1": 0.999701606690861,
            "mean": 8.101659407489335e-12,
            "std": 15496.60855411397,
            "skewness": 1.726769982815382,
            "kurtosis": 4.112550984595374
          }
        },
        "log_normalized": {
          "formula": "log(P_BTC) - log(P_ETH)",
          "is_cointegrated": "False",
          "adf_pvalue": 0.19946769878996973,
          "adf_statistic": -2.218871284576748,
          "mean_reversion_properties": {
            "half_life_ar1": 10122.41678987267,
            "mean_reversion_speed": 6.847410686204322e-05,
            "half_life_ou": 2092.5482309598806,
            "theta": 0.00033124549785979807,
            "autocorr_lag1": 0.9996688093578731,
            "mean": -1.629556293953571e-16,
            "std": 1.0,
            "skewness": 0.44796600686053056,
            "kurtosis": -0.594504002119014
          }
        },
        "cointegration_normalized": {
          "formula": "P_BTC - 2084.43 - 19.5969*P_ETH",
          "is_cointegrated": "False",
          "adf_pvalue": 0.4566441260869674,
          "adf_statistic": -1.6507599353121878,
          "mean_reversion_properties": {
            "half_life_ou": 2322.584786420905,
            "theta": 0.00029843783728045626,
            "autocorr_lag1": 0.9997016066908612,
            "mean": 4.495327707458127e-17,
            "std": 1.0,
            "skewness": 1.7267699828153817,
            "kurtosis": 4.112550984595376
          }
        }
      }
    },
    "12H": {
      "n_observations": 6747,
      "correlation": 0.8465092896301197,
      "success_rate": 20.0,
      "cointegrated_spreads": [
        "ratio"
      ],
      "spread_statistics": {
        "log": {
          "formula": "log(P_BTC) - log(P_ETH)",
          "is_cointegrated": "False",
          "adf_pvalue": 0.17976103275475863,
          "adf_statistic": -2.2761934671838846,
          "mean_reversion_properties": {
            "half_life_ar1": 789.3372266485787,
            "mean_reversion_speed": 0.0008777527610770473,
            "half_life_ou": 698.7778225595337,
            "theta": 0.0009919421569806494,
            "autocorr_lag1": 0.999008549655011,
            "mean": 3.192704368734417,
            "std": 0.5434210557593967,
            "skewness": 0.44877454464042854,
            "kurtosis": -0.5874694536784411
          }
        },
        "ratio": {
          "formula": "P_BTC / P_ETH",
          "is_cointegrated": "True",
          "adf_pvalue": 0.04149548180513511,